detector,precision,recall,f1,tp,fp,fn,tn,false_alarms
Template Count 3-sigma Window,0.7,0.3333333333333333,0.45161290322580644,7,3,14,15,3
Isolation Forest Window,1.0,0.09523809523809523,0.17391304347826086,2,0,19,18,0
