detector,precision,recall,f1,false_alarms,tp,fp,fn,tn,contamination
Isolation Forest contamination=0.01,1.0,0.10008818342151675,0.18196392785571142,0,227,0,2041,20367,0.01
Isolation Forest contamination=0.02,0.9867549668874173,0.1970899470899471,0.32855567805953695,6,447,6,1821,20361,0.02
Isolation Forest contamination=0.05,0.7606007067137809,0.37962962962962965,0.5064705882352941,271,861,271,1407,20096,0.05
