detector,precision,recall,f1,false_alarms,tp,fp,fn,tn
IQR Detector,0.5800696257615318,0.5877425044091711,0.5838808585194919,965,1333,965,935,19462
Isolation Forest best contamination=0.05,0.7606007067137809,0.37962962962962965,0.5064705882352941,271,861,271,1407,20096
